{"cameraMode":{"drawMode":0,"name":"Shaded","section":"Shading Mode"},"sceneLighting":false,"audioPlay":false,"sceneViewState":{"m_AlwaysRefresh":false,"showFog":true,"showSkybox":false,"showFlares":true,"showImageEffects":true,"showParticleSystems":true,"showVisualEffectGraphs":true,"m_FxEnabled":true},"in2DMode":false,"pivot":{"x":0.0662480890750885,"y":-0.12724339962005616,"z":0.10339955240488053},"rotation":{"x":0.03410248085856438,"y":0.9039938449859619,"z":-0.0733783096075058,"w":0.41992273926734927},"size":0.37643998861312868,"orthographic":false}