{"cameraMode":{"drawMode":0,"name":"Shaded","section":"Shading Mode"},"sceneLighting":false,"audioPlay":false,"sceneViewState":{"m_AlwaysRefresh":false,"showFog":true,"showSkybox":false,"showFlares":true,"showImageEffects":true,"showParticleSystems":true,"showVisualEffectGraphs":true,"m_FxEnabled":true},"in2DMode":false,"pivot":{"x":0.6577161550521851,"y":0.32490262389183047,"z":-0.4362155497074127},"rotation":{"x":-0.014344362542033196,"y":-0.6776469945907593,"z":0.013210139237344265,"w":-0.7351655960083008},"size":1.2297559976577759,"orthographic":false}