{"cameraMode":{"drawMode":0,"name":"Shaded","section":"Shading Mode"},"sceneLighting":true,"audioPlay":false,"sceneViewState":{"m_AlwaysRefresh":false,"showFog":true,"showSkybox":true,"showFlares":true,"showImageEffects":true,"showParticleSystems":true,"showVisualEffectGraphs":true,"m_FxEnabled":true},"in2DMode":false,"pivot":{"x":5.061880111694336,"y":-1.5067434310913087,"z":-4.935098648071289},"rotation":{"x":-0.041201066225767139,"y":-0.9294850826263428,"z":0.10922552645206452,"w":-0.35000383853912356},"size":11.014535903930664,"orthographic":false}