{"cameraMode":{"drawMode":0,"name":"Shaded","section":"Shading Mode"},"sceneLighting":true,"audioPlay":false,"sceneViewState":{"m_AlwaysRefresh":false,"showFog":true,"showSkybox":true,"showFlares":true,"showImageEffects":true,"showParticleSystems":true,"showVisualEffectGraphs":true,"m_FxEnabled":true},"in2DMode":false,"pivot":{"x":0.20024091005325318,"y":1.4413443803787232,"z":-0.7396249771118164},"rotation":{"x":-0.012733136303722859,"y":-0.9634351134300232,"z":0.26352953910827639,"w":-0.0465599000453949},"size":1.482771873474121,"orthographic":false}