{"cameraMode":{"drawMode":0,"name":"Shaded","section":"Shading Mode"},"sceneLighting":true,"audioPlay":false,"sceneViewState":{"m_AlwaysRefresh":false,"showFog":true,"showSkybox":true,"showFlares":true,"showImageEffects":true,"showParticleSystems":true,"showVisualEffectGraphs":true,"m_FxEnabled":true},"in2DMode":false,"pivot":{"x":0.8921094536781311,"y":2.1353118419647219,"z":10.64806842803955},"rotation":{"x":-0.004152197390794754,"y":0.9778408408164978,"z":-0.20845162868499757,"w":-0.019426584243774415},"size":1.789150357246399,"orthographic":false}