{"cameraMode":{"drawMode":0,"name":"Shaded","section":"Shading Mode"},"sceneLighting":false,"audioPlay":false,"sceneViewState":{"m_AlwaysRefresh":false,"showFog":true,"showSkybox":false,"showFlares":true,"showImageEffects":true,"showParticleSystems":true,"showVisualEffectGraphs":true,"m_FxEnabled":true},"in2DMode":false,"pivot":{"x":-0.20726902782917024,"y":-0.522238552570343,"z":-0.6691619157791138},"rotation":{"x":-0.0031569430138915779,"y":-0.9705628752708435,"z":0.24060258269309998,"w":-0.012701231054961682},"size":1.2297559976577759,"orthographic":false}