{"cameraMode":{"drawMode":0,"name":"Shaded","section":"Shading Mode"},"sceneLighting":false,"audioPlay":false,"sceneViewState":{"m_AlwaysRefresh":false,"showFog":false,"showSkybox":false,"showFlares":false,"showImageEffects":false,"showParticleSystems":false,"showVisualEffectGraphs":true,"m_FxEnabled":true},"in2DMode":false,"pivot":{"x":0.7470924854278565,"y":-0.8545454740524292,"z":-0.8829126358032227},"rotation":{"x":-0.18468159437179566,"y":-0.8092522025108337,"z":0.33550581336021426,"w":-0.44555363059043887},"size":2.4051642417907717,"orthographic":false}